{
  "metadata": {
    "id": "ccd66ef2-f6e4-4551-bf97-3cd845e65904",
    "name": "Body_Region"
  },
  "whitespace": {
    "spacesOrTabs": "tabsIfPossible",
    "newLines": {
      "preserveExistingEmptyLinesBetweenStatements": false,
      "preserveExistingEmptyLinesAfterBatchSeparator": false
    }
  },
  "lists": {
    "placeSubsequentItemsOnNewLines": "never",
    "alignItemsAcrossClauses": false,
    "indentListItems": false
  },
  "parentheses": {
    "parenthesisStyle": "expandedSimple",
    "collapseShortParenthesisContents": true,
    "collapseParenthesesShorterThan": 100,
    "addSpacesAroundParentheses": false
  },
  "casing": {
    "reservedKeywords": "uppercase",
    "builtInFunctions": "uppercase",
    "builtInDataTypes": "uppercase",
    "useObjectDefinitionCase": true
  },
  "dml": {
    "collapseShortStatements": true,
    "collapseStatementsShorterThan": 75,
    "collapseShortSubqueries": true,
    "collapseSubqueriesShorterThan": 75,
    "clauses": {
      "clauseAlignment": "toFirstListItem"
    },
    "listItems": {
      "placeWhereConditionOnNewLine": "ifMultiple"
    }
  },
  "ddl": {
    "parenthesisStyle": "expandedToStatement",
    "indentParenthesesContents": true,
    "alignDataTypesAndConstraints": true,
    "placeConstraintsOnNewLines": true,
    "placeConstraintColumnsOnNewLines": "ifLongerOrMultipleColumns",
    "placeFirstProcedureParameterOnNewLine": "always",
    "collapseStatementsShorterThan": 75
  },
  "controlFlow": {
    "collapseShortStatements": true,
    "collapseStatementsShorterThan": 78
  },
  "cte": {
    "placeNameOnNewLine": true,
    "indentName": true,
    "placeAsOnNewLine": false
  },
  "variables": {
    "placeAssignedValueOnNewLineIfLongerThanMaxLineLength": false,
    "placeEqualsSignOnNewLine": true
  },
  "joinStatements": {
    "join": {
      "indentJoinTable": false
    },
    "on": {
      "placeOnNewLine": false,
      "keywordAlignment": "indented",
      "conditionAlignment": "toInner"
    }
  },
  "insertStatements": {
    "columns": {
      "placeSubsequentColumnsOnNewLines": "never"
    },
    "values": {
      "parenthesisStyle": "expandedToStatement",
      "indentContents": true
    }
  },
  "caseExpressions": {
    "placeExpressionOnNewLine": false,
    "placeFirstWhenOnNewLine": "never",
    "whenAlignment": "toCase",
    "collapseShortCaseExpressions": true,
    "collapseCaseExpressionsShorterThan": 75
  },
  "operators": {
    "comparison": {
      "align": true
    },
    "andOr": {
      "alignment": "toFirstListItem"
    },
    "between": {
      "placeOnNewLine": false
    },
    "in": {
      "placeFirstValueOnNewLine": "never",
      "placeSubsequentValuesOnNewLines": "never"
    }
  }
}