{
  "metadata": {
    "id": "8689e6ad-db8f-4be2-aa70-f9c61597af62",
    "name": "Declare_Region"
  },
  "whitespace": {
    "spacesOrTabs": "tabsIfPossible",
    "newLines": {
      "preserveExistingEmptyLinesAfterBatchSeparator": false,
      "emptyLinesBetweenStatements": 0,
      "emptyLinesAfterBatchSeparator": 0
    }
  },
  "lists": {
    "placeSubsequentItemsOnNewLines": "ifLongerThanMaxLineLength",
    "alignItemsAcrossClauses": false,
    "indentListItems": false
  },
  "parentheses": {
    "collapseShortParenthesisContents": true,
    "collapseParenthesesShorterThan": 75,
    "addSpacesAroundParentheses": false
  },
  "casing": {
    "reservedKeywords": "uppercase",
    "builtInFunctions": "uppercase",
    "builtInDataTypes": "uppercase",
    "useObjectDefinitionCase": true
  },
  "dml": {
    "collapseShortStatements": true,
    "collapseStatementsShorterThan": 75,
    "collapseShortSubqueries": true,
    "collapseSubqueriesShorterThan": 75,
    "clauses": {
      "clauseAlignment": "toFirstListItem"
    }
  },
  "ddl": {
    "parenthesisStyle": "expandedToStatement",
    "indentParenthesesContents": true,
    "alignDataTypesAndConstraints": true,
    "placeConstraintsOnNewLines": true,
    "placeConstraintColumnsOnNewLines": "ifLongerOrMultipleColumns",
    "placeFirstProcedureParameterOnNewLine": "always",
    "collapseStatementsShorterThan": 75
  },
  "controlFlow": {
    "collapseStatementsShorterThan": 78
  },
  "cte": {
    "placeAsOnNewLine": false
  },
  "variables": {
    "placeAssignedValueOnNewLineIfLongerThanMaxLineLength": false,
    "placeEqualsSignOnNewLine": true
  },
  "joinStatements": {
    "join": {
      "indentJoinTable": false
    },
    "on": {
      "placeOnNewLine": false,
      "keywordAlignment": "indented",
      "conditionAlignment": "toInner"
    }
  },
  "insertStatements": {
    "columns": {
      "parenthesisStyle": "compactSimple",
      "indentContents": false,
      "placeSubsequentColumnsOnNewLines": "never"
    },
    "values": {
      "parenthesisStyle": "compactSimple"
    }
  },
  "caseExpressions": {
    "placeExpressionOnNewLine": false,
    "placeFirstWhenOnNewLine": "never",
    "whenAlignment": "toCase",
    "collapseShortCaseExpressions": true,
    "collapseCaseExpressionsShorterThan": 75
  },
  "operators": {
    "comparison": {
      "align": true
    },
    "andOr": {
      "alignment": "toFirstListItem"
    },
    "between": {
      "placeOnNewLine": false
    },
    "in": {
      "placeFirstValueOnNewLine": "never",
      "placeSubsequentValuesOnNewLines": "never"
    }
  }
}